{"cameraMode":{"drawMode":0,"name":"Shaded","section":"Shading Mode"},"sceneLighting":true,"audioPlay":false,"sceneViewState":{"showFog":true,"showMaterialUpdate":false,"showSkybox":true,"showFlares":true,"showImageEffects":true,"showParticleSystems":true},"in2DMode":false,"pivot":{"x":3.4899749755859377,"y":1.2501554489135743,"z":3.8243510723114015},"rotation":{"x":-0.04342708736658096,"y":0.052434731274843219,"z":-0.0022808420471847059,"w":-0.9976910948753357},"size":10.372238159179688,"orthographic":true}