{"cameraMode":{"drawMode":0,"name":"Shaded","section":"Shading Mode"},"sceneLighting":true,"audioPlay":false,"sceneViewState":{"showFog":true,"showMaterialUpdate":false,"showSkybox":true,"showFlares":true,"showImageEffects":true,"showParticleSystems":true},"in2DMode":false,"pivot":{"x":109.39449310302735,"y":281.46630859375,"z":107.97785949707031},"rotation":{"x":0.16568340361118318,"y":-0.02337009645998478,"z":0.003927445970475674,"w":0.9858942627906799},"size":319.2441711425781,"orthographic":false}