{"cameraMode":{"drawMode":0,"name":"Shaded","section":"Shading Mode"},"sceneLighting":true,"audioPlay":false,"sceneViewState":{"showFog":true,"showMaterialUpdate":false,"showSkybox":true,"showFlares":true,"showImageEffects":true,"showParticleSystems":true},"in2DMode":false,"pivot":{"x":18.496559143066408,"y":0.3728061616420746,"z":3.130427122116089},"rotation":{"x":-0.032900188118219379,"y":0.7057225704193115,"z":-0.03283786401152611,"w":-0.7069804072380066},"size":1.2022103071212769,"orthographic":true}